Role,Soft Skills,Tech Stack,Experience (Years),Salary Range (LKR/Month)
Software Engineer (Full-Stack),"Problem-solving, Communication, Team collaboration, Time management","JavaScript/TypeScript, React, Node.js, HTML/CSS, SQL/NoSQL databases, REST APIs","0-2 (Entry), 3-5 (Mid), 6+ (Senior)","120,000-180,000 (Entry) | 180,000-300,000 (Mid) | 300,000-500,000+ (Senior)"
Frontend Developer,"User empathy, Communication, Attention to detail, Collaborative mindset","HTML5, CSS3, JavaScript/TypeScript, React/Vue/Angular, Responsive design, Bootstrap","0-2 (Entry), 3-5 (Mid), 6+ (Senior)","80,000-120,000 (Entry) | 120,000-200,000 (Mid) | 200,000-350,000 (Senior)"
Backend Developer,"Problem-solving, System design thinking, Communication, Code review skills","Node.js, Python, Java, .NET, Express, Django, Spring Boot, SQL/NoSQL","0-2 (Entry), 3-5 (Mid), 6+ (Senior)","100,000-150,000 (Entry) | 150,000-250,000 (Mid) | 250,000-400,000 (Senior)"
Mobile Developer (iOS/Android),"Attention to detail, Problem-solving, Adaptability, Communication","Swift/Kotlin, Android Studio, iOS SDK, React Native, Flutter, Mobile frameworks","0-2 (Entry), 3-5 (Mid), 6+ (Senior)","90,000-140,000 (Entry) | 140,000-250,000 (Mid) | 250,000-450,000 (Senior)"
Flutter Developer,"Problem-solving, Adaptability, Communication, Collaborative approach","Flutter, Dart, Firebase, REST APIs, Mobile UI/UX principles","0-2 (Entry), 2-4 (Mid), 5+ (Senior)","80,000-130,000 (Entry) | 130,000-220,000 (Mid) | 220,000-380,000 (Senior)"
React Native Developer,"Communication, Problem-solving, Learning agility, Teamwork","JavaScript, React Native, Redux, Native modules, Expo","0-2 (Entry), 2-4 (Mid), 5+ (Senior)","85,000-140,000 (Entry) | 140,000-240,000 (Mid) | 240,000-400,000 (Senior)"
Kotlin Developer,"Problem-solving, Attention to detail, Communication, Android expertise","Kotlin, Android SDK, Android Studio, XML, Firebase, Retrofit","0-2 (Entry), 2-4 (Mid), 5+ (Senior)","75,000-125,000 (Entry) | 125,000-210,000 (Mid) | 210,000-350,000 (Senior)"
Python Developer,"Problem-solving, Analytical thinking, Communication, Code quality focus","Python, Django, Flask, FastAPI, NumPy, Pandas, PostgreSQL","0-2 (Entry), 3-5 (Mid), 6+ (Senior)","100,000-150,000 (Entry) | 150,000-280,000 (Mid) | 280,000-450,000 (Senior)"
Java Developer,"Team collaboration, Problem-solving, Analytical skills, Documentation","Java, Spring Boot, Hibernate, Maven/Gradle, SQL databases","0-2 (Entry), 3-5 (Mid), 6+ (Senior)","95,000-145,000 (Entry) | 145,000-260,000 (Mid) | 260,000-420,000 (Senior)"
.NET Developer,"Problem-solving, Team coordination, Communication, Code quality awareness","C#, .NET Core, ASP.NET, LINQ, SQL Server, Visual Studio","0-2 (Entry), 3-5 (Mid), 6+ (Senior)","90,000-140,000 (Entry) | 140,000-240,000 (Mid) | 240,000-400,000 (Senior)"
C++ Developer,"Analytical thinking, Problem-solving, Attention to detail, Communication","C++, STL, Boost libraries, CMake, Visual Studio, GCC/Clang","1-3 (Entry), 3-6 (Mid), 7+ (Senior)","110,000-160,000 (Entry) | 160,000-300,000 (Mid) | 300,000-500,000 (Senior)"
PHP Developer,"Troubleshooting, Communication, Problem-solving, Web fundamentals","PHP, Laravel, Symfony, MySQL, WordPress, HTML/CSS","0-2 (Entry), 2-4 (Mid), 5+ (Senior)","70,000-110,000 (Entry) | 110,000-180,000 (Mid) | 180,000-320,000 (Senior)"
Ruby on Rails Developer,"Problem-solving, Team collaboration, Code quality, Communication","Ruby, Ruby on Rails, ActiveRecord, RSpec, PostgreSQL/MySQL","0-2 (Entry), 2-4 (Mid), 5+ (Senior)","85,000-130,000 (Entry) | 130,000-210,000 (Mid) | 210,000-360,000 (Senior)"
Go Developer,"Problem-solving, System thinking, Communication, Performance optimization","Go, Gin, Gorilla, gRPC, PostgreSQL, Docker","0-2 (Entry), 2-4 (Mid), 5+ (Senior)","95,000-145,000 (Entry) | 145,000-260,000 (Mid) | 260,000-420,000 (Senior)"
API Developer,"Problem-solving, API design thinking, Communication, Documentation","RESTful APIs, GraphQL, OpenAPI, JSON/XML, API versioning","0-2 (Entry), 3-5 (Mid), 6+ (Senior)","100,000-150,000 (Entry) | 150,000-270,000 (Mid) | 270,000-450,000 (Senior)"
Game Developer,"Problem-solving, Creativity, Teamwork, Attention to performance detail","C++, C#, Unity, Unreal Engine, Game physics, Graphics libraries","0-3 (Entry), 3-6 (Mid), 7+ (Senior)","80,000-140,000 (Entry) | 140,000-280,000 (Mid) | 280,000-500,000+ (Senior)"
Web Developer,"Communication, Problem-solving, User awareness, Attention to detail","HTML5, CSS3, JavaScript, PHP, Python, MySQL, Responsive design","0-2 (Entry), 2-4 (Mid), 5+ (Senior)","75,000-120,000 (Entry) | 120,000-200,000 (Mid) | 200,000-350,000 (Senior)"
Data Scientist,"Analytical thinking, Communication, Storytelling, Problem-solving","Python, R, SQL, TensorFlow, Scikit-learn, Pandas, Matplotlib, Jupyter","1-2 (Entry), 3-5 (Mid), 6+ (Senior)","150,000-200,000 (Entry) | 200,000-350,000 (Mid) | 350,000-600,000+ (Senior)"
Data Engineer,"Problem-solving, System design, Documentation, Communication","Python, SQL, Spark, Airflow, Kafka, ETL tools, Cloud platforms (AWS/Azure/GCP)","1-2 (Entry), 3-5 (Mid), 6+ (Senior)","130,000-180,000 (Entry) | 180,000-320,000 (Mid) | 320,000-550,000 (Senior)"
Machine Learning Engineer,"Problem-solving, Research mindset, Communication, Experimentation","Python, TensorFlow, PyTorch, Scikit-learn, Keras, OpenCV, MLOps tools","2-3 (Entry), 4-6 (Mid), 7+ (Senior)","160,000-220,000 (Entry) | 220,000-380,000 (Mid) | 380,000-650,000+ (Senior)"
AI Engineer,"Problem-solving, Research, Communication, Innovative thinking","Python, TensorFlow, PyTorch, LLMs, RAG frameworks, FastAPI, Vector databases","2-3 (Entry), 4-6 (Mid), 7+ (Senior)","170,000-250,000 (Entry) | 250,000-420,000 (Mid) | 420,000-700,000+ (Senior)"
NLP Engineer,"Communication, Analytical skills, Problem-solving, Language expertise","Python, NLTK, spaCy, Transformers, NLP libraries, Hugging Face","2-3 (Entry), 4-6 (Mid), 7+ (Senior)","140,000-200,000 (Entry) | 200,000-350,000 (Mid) | 350,000-600,000 (Senior)"
Computer Vision Engineer,"Problem-solving, Analytical thinking, Visual communication, Patience","Python, OpenCV, TensorFlow, PyTorch, Image processing libraries","2-3 (Entry), 4-6 (Mid), 7+ (Senior)","140,000-200,000 (Entry) | 200,000-350,000 (Mid) | 350,000-600,000 (Senior)"
Business Intelligence Engineer,"Communication, Problem-solving, Data presentation, Teamwork","SQL, Python, Tableau/Power BI, dbt, ETL/ELT tools, Cloud data warehouses","3-5 (Entry), 5-7 (Mid), 8+ (Senior)","150,000-220,000 (Entry) | 220,000-400,000 (Mid) | 400,000-700,000+ (Senior)"
Database Administrator,"Documentation, Problem-solving, Attention to detail, Communication","SQL, PostgreSQL/MySQL/Oracle, Backup tools, Recovery procedures, Performance tuning","2-3 (Entry), 4-6 (Mid), 7+ (Senior)","120,000-170,000 (Entry) | 170,000-280,000 (Mid) | 280,000-500,000 (Senior)"
Cloud Database Administrator,"Problem-solving, Communication, Attention to security, Documentation","SQL, AWS RDS/Azure SQL/GCP Cloud SQL, Terraform, Docker, Kubernetes","2-3 (Entry), 4-6 (Mid), 7+ (Senior)","130,000-190,000 (Entry) | 190,000-320,000 (Mid) | 320,000-550,000 (Senior)"
Network Engineer,"Problem-solving, Communication, System thinking, Troubleshooting","Cisco/Juniper routers, TCP/IP, Routing protocols, Firewalls, Network monitoring tools","2-4 (Entry), 5-7 (Mid), 8+ (Senior)","110,000-160,000 (Entry) | 160,000-280,000 (Mid) | 280,000-480,000 (Senior)"
Network Administrator,"Communication, Problem-solving, Attention to detail, System knowledge","TCP/IP, DNS, DHCP, Windows Server, Linux, Network monitoring, Active Directory","0-2 (Entry), 3-5 (Mid), 6+ (Senior)","80,000-120,000 (Entry) | 120,000-200,000 (Mid) | 200,000-350,000 (Senior)"
DevOps Engineer,"Problem-solving, Communication, Automation thinking, Team collaboration","Docker, Kubernetes, Jenkins, GitLab CI/CD, Terraform, AWS/Azure/GCP, Linux","2-4 (Entry), 5-7 (Mid), 8+ (Senior)","140,000-200,000 (Entry) | 200,000-350,000 (Mid) | 350,000-600,000 (Senior)"
Cloud Architect,"Strategic thinking, Communication, Problem-solving, Technical leadership","AWS, Azure, GCP, Terraform, CloudFormation, Network design, Security architecture","5-7 (Entry), 8-10 (Mid), 11+ (Senior)","200,000-280,000 (Entry) | 280,000-450,000 (Mid) | 450,000-800,000+ (Senior)"
Solutions Architect,"Communication, Problem-solving, Strategic thinking, Stakeholder management","AWS, Azure, GCP, Kubernetes, Docker, Microservices, TOGAF","5-7 (Entry), 8-10 (Mid), 11+ (Senior)","180,000-260,000 (Entry) | 260,000-420,000 (Mid) | 420,000-750,000+ (Senior)"
Enterprise Architect,"Strategic thinking, Communication, Leadership, Long-term vision","TOGAF, ArchiMate, System design patterns, Multi-cloud architecture","8-10 (Entry), 11-15 (Mid), 15+ (Senior)","250,000-350,000 (Entry) | 350,000-550,000 (Mid) | 550,000-1,000,000+ (Senior)"
Systems Architect,"System thinking, Communication, Problem-solving, Architecture expertise","System design patterns, Database architecture, Load balancing, Disaster recovery","5-7 (Entry), 8-10 (Mid), 11+ (Senior)","200,000-280,000 (Entry) | 280,000-450,000 (Mid) | 450,000-800,000+ (Senior)"
Infrastructure Engineer,"Problem-solving, Communication, System knowledge, Troubleshooting","Linux/Windows, Virtualization, Network protocols, Monitoring tools, Troubleshooting","2-4 (Entry), 5-7 (Mid), 8+ (Senior)","100,000-150,000 (Entry) | 150,000-260,000 (Mid) | 260,000-450,000 (Senior)"
Site Reliability Engineer (SRE),"Problem-solving, Communication, Systematic approach, Data analysis","Prometheus, Grafana, ELK stack, Kubernetes, SLO/SLI metrics, Incident management","4-5 (Entry), 6-8 (Mid), 9+ (Senior)","150,000-220,000 (Entry) | 220,000-380,000 (Mid) | 380,000-650,000 (Senior)"
Cybersecurity Specialist,"Attention to detail, Communication, Problem-solving, Compliance knowledge","OWASP, Ethical hacking tools, Network security, Firewall management, SSL/TLS","3-5 (Entry), 6-8 (Mid), 9+ (Senior)","130,000-190,000 (Entry) | 190,000-320,000 (Mid) | 320,000-550,000 (Senior)"
Information Security Officer,"Strategic thinking, Communication, Risk assessment, Documentation","Risk assessment tools, Compliance frameworks, Security policies, GDPR/ISO27001","5-7 (Entry), 8-10 (Mid), 11+ (Senior)","160,000-240,000 (Entry) | 240,000-400,000 (Mid) | 400,000-700,000+ (Senior)"
Penetration Tester,"Analytical thinking, Communication, Problem-solving, Security mindset","Metasploit, Burp Suite, OWASP tools, Network exploitation, Vulnerability assessment","6-8 (Entry), 9-11 (Mid), 12+ (Senior)","200,000-300,000 (Entry) | 300,000-500,000 (Mid) | 500,000-900,000+ (Senior)"
Security Incident Response Analyst,"Problem-solving, Communication, Investigation skills, Documentation","SIEM tools, Incident response platforms, Forensics tools, Splunk, ELK Stack","3-5 (Entry), 5-7 (Mid), 8+ (Senior)","140,000-200,000 (Entry) | 200,000-350,000 (Mid) | 350,000-600,000 (Senior)"
IT Compliance Officer,"Attention to detail, Communication, Compliance knowledge, Documentation","Compliance frameworks, Policy management, Audit tools, GDPR/HIPAA knowledge","3-5 (Entry), 5-7 (Mid), 8+ (Senior)","150,000-220,000 (Entry) | 220,000-380,000 (Mid) | 380,000-650,000 (Senior)"
IT Auditor,"Analytical thinking, Communication, Audit expertise, Documentation","Audit frameworks, Risk assessment, GRC tools, Documentation","4-6 (Entry), 7-10 (Mid), 11+ (Senior)","140,000-200,000 (Entry) | 200,000-360,000 (Mid) | 360,000-600,000 (Senior)"
QA Engineer (Manual Testing),"Attention to detail, Communication, Problem-solving, Documentation","Test plans, Test cases, Defect tracking, Manual testing tools, Quality metrics","0-2 (Entry), 2-4 (Mid), 5+ (Senior)","70,000-110,000 (Entry) | 110,000-180,000 (Mid) | 180,000-320,000 (Senior)"
QA Automation Engineer,"Problem-solving, Analytical skills, Communication, Automation thinking","Selenium, UFT/QTP, TestNG, Cucumber, Python/Java, CI/CD integration","1-2 (Entry), 3-5 (Mid), 6+ (Senior)","100,000-150,000 (Entry) | 150,000-260,000 (Mid) | 260,000-450,000 (Senior)"
Performance Testing Engineer,"Attention to performance, Problem-solving, Communication, Analysis skills","JMeter, LoadRunner, Gatling, Performance metrics, Load testing","2-3 (Entry), 4-6 (Mid), 7+ (Senior)","120,000-180,000 (Entry) | 180,000-300,000 (Mid) | 300,000-500,000 (Senior)"
UI/UX Designer,"Communication, Creativity, User empathy, Attention to detail","Figma, Adobe XD, Sketch, Prototyping tools, User research, Wireframing","0-2 (Entry), 3-5 (Mid), 6+ (Senior)","60,000-100,000 (Entry) | 100,000-180,000 (Mid) | 180,000-350,000 (Senior)"
Business Analyst,"Communication, Problem-solving, Analytical skills, Stakeholder management","SQL, Business intelligence tools, Data analysis, Stakeholder communication","1-3 (Entry), 3-5 (Mid), 6+ (Senior)","90,000-140,000 (Entry) | 140,000-240,000 (Mid) | 240,000-420,000 (Senior)"
IT Project Manager,"Communication, Leadership, Problem-solving, Organization skills","Agile/Scile methodologies, JIRA, MS Project, Risk management, Stakeholder management","3-5 (Entry), 5-7 (Mid), 8+ (Senior)","120,000-180,000 (Entry) | 180,000-300,000 (Mid) | 300,000-500,000+ (Senior)"
Scrum Master,"Leadership, Communication, Agile mindset, Team facilitation","Scrum framework, Agile ceremonies, JIRA, Impediment removal, Team coaching","1-2 (Entry), 2-3 (Mid), 4+ (Senior)","100,000-150,000 (Entry) | 150,000-250,000 (Mid) | 250,000-420,000 (Senior)"
IT Consultant,"Communication, Problem-solving, Advisory skills, Strategic thinking","AWS/Azure certifications, ITIL, Project management, Technology advisory","3-5 (Entry), 6-8 (Mid), 9+ (Senior)","130,000-200,000 (Entry) | 200,000-350,000 (Mid) | 350,000-600,000+ (Senior)"
Technical Writer,"Communication, Technical writing, Organization, Clarity of expression","Technical documentation tools, Markdown, Adobe Technical Communication Suite","2-5 (Entry), 5-8 (Mid), 9+ (Senior)","100,000-150,000 (Entry) | 150,000-280,000 (Mid) | 280,000-500,000+ (Senior)"
IT Support Specialist,"Communication, Problem-solving, Customer service, Patience","Ticketing systems, Help desk software, Remote support tools, User support","0-1 (Entry), 2-3 (Mid), 4+ (Senior)","50,000-80,000 (Entry) | 80,000-140,000 (Mid) | 140,000-280,000 (Senior)"
Help Desk Technician,"Communication, Problem-solving, Troubleshooting, Customer service","Remote support tools, Operating systems, Troubleshooting, Hardware knowledge","0-1 (Entry), 1-2 (Mid), 3+ (Senior)","45,000-75,000 (Entry) | 75,000-120,000 (Mid) | 120,000-240,000 (Senior)"
Hardware Technician,"Problem-solving, Technical knowledge, Communication, Attention to detail","Hardware diagnostics, BIOS/UEFI, Network hardware, System tools","0-2 (Entry), 2-4 (Mid), 5+ (Senior)","60,000-100,000 (Entry) | 100,000-170,000 (Mid) | 170,000-320,000 (Senior)"
System Administrator,"Problem-solving, Communication, System administration, Documentation","Windows/Linux administration, Active Directory, Group Policy, System monitoring","1-2 (Entry), 3-4 (Mid), 5+ (Senior)","70,000-110,000 (Entry) | 110,000-190,000 (Mid) | 190,000-350,000 (Senior)"
Database Developer,"Problem-solving, Analytical skills, Documentation, Communication","SQL, Database design, Stored procedures, Performance optimization, T-SQL/PL-SQL","2-4 (Entry), 5-7 (Mid), 8+ (Senior)","110,000-160,000 (Entry) | 160,000-280,000 (Mid) | 280,000-480,000 (Senior)"
Middleware Architect,"System thinking, Problem-solving, Communication, Architecture expertise","Middleware platforms (MuleSoft, Apache Camel), API management, Integration patterns","4-6 (Entry), 7-9 (Mid), 10+ (Senior)","160,000-240,000 (Entry) | 240,000-400,000 (Mid) | 400,000-700,000+ (Senior)"
Application Integration Engineer,"Problem-solving, Communication, Integration thinking, Teamwork","API integration, Middleware platforms, ETL tools, Custom connectors, Message queues","2-4 (Entry), 5-7 (Mid), 8+ (Senior)","130,000-190,000 (Entry) | 190,000-330,000 (Mid) | 330,000-580,000 (Senior)"
Software Engineer Intern,"Eager to learn, Problem-solving, Teamwork, Communication","JavaScript/TypeScript, React/Vue, Node.js, HTML/CSS, Git basics",Fresh graduate / Final year student,"0-25,000 (Unpaid) | 25,000-50,000 (Paid internship)"
Full-Stack Developer Intern,"Adaptability, Problem-solving, Communication, Collaborative learning","JavaScript/TypeScript, React/Vue, Node.js, HTML/CSS, Git basics",Fresh graduate / Final year student,"0-25,000 (Unpaid) | 25,000-50,000 (Paid internship)"
Frontend Developer Intern,"Attention to detail, Learning mindset, Communication, Design awareness","JavaScript/TypeScript, React/Vue, Node.js, HTML/CSS, Git basics",Fresh graduate / Final year student,"0-25,000 (Unpaid) | 25,000-50,000 (Paid internship)"
Backend Developer Intern,"Problem-solving, Learning orientation, Teamwork, Code quality awareness","JavaScript/TypeScript, React/Vue, Node.js, HTML/CSS, Git basics",Fresh graduate / Final year student,"0-25,000 (Unpaid) | 25,000-50,000 (Paid internship)"
Mobile Developer Intern (iOS),"Attention to detail, Learning mindset, Mobile-first thinking, Teamwork","JavaScript/TypeScript, React/Vue, Node.js, HTML/CSS, Git basics",Fresh graduate / Final year student,"0-25,000 (Unpaid) | 25,000-50,000 (Paid internship)"
Mobile Developer Intern (Android),"Problem-solving, Learning mindset, Android focus, Teamwork","JavaScript/TypeScript, React/Vue, Node.js, HTML/CSS, Git basics",Fresh graduate / Final year student,"0-25,000 (Unpaid) | 25,000-50,000 (Paid internship)"
Flutter Developer Intern,"Adaptability, Problem-solving, Learning agility, Teamwork","JavaScript/TypeScript, React/Vue, Node.js, HTML/CSS, Git basics",Fresh graduate / Final year student,"0-25,000 (Unpaid) | 25,000-50,000 (Paid internship)"
React Native Developer Intern,"Learning orientation, Problem-solving, Cross-platform thinking, Teamwork","JavaScript/TypeScript, React/Vue, Node.js, HTML/CSS, Git basics",Fresh graduate / Final year student,"0-25,000 (Unpaid) | 25,000-50,000 (Paid internship)"
Python Developer Intern,"Problem-solving, Analytical thinking, Learning mindset, Teamwork","JavaScript/TypeScript, React/Vue, Node.js, HTML/CSS, Git basics",Fresh graduate / Final year student,"0-25,000 (Unpaid) | 25,000-50,000 (Paid internship)"
Java Developer Intern,"Team collaboration, Learning orientation, Problem-solving, Teamwork","JavaScript/TypeScript, React/Vue, Node.js, HTML/CSS, Git basics",Fresh graduate / Final year student,"0-25,000 (Unpaid) | 25,000-50,000 (Paid internship)"
.NET Developer Intern,"Learning mindset, Problem-solving, Teamwork, Adaptability","JavaScript/TypeScript, React/Vue, Node.js, HTML/CSS, Git basics",Fresh graduate / Final year student,"0-25,000 (Unpaid) | 25,000-50,000 (Paid internship)"
PHP Developer Intern,"Quick learning, Problem-solving, Teamwork, Web awareness","JavaScript/TypeScript, React/Vue, Node.js, HTML/CSS, Git basics",Fresh graduate / Final year student,"0-25,000 (Unpaid) | 25,000-50,000 (Paid internship)"
WordPress Developer Intern,"Learning mindset, Content management awareness, Problem-solving, Teamwork","JavaScript/TypeScript, React/Vue, Node.js, HTML/CSS, Git basics",Fresh graduate / Final year student,"0-25,000 (Unpaid) | 25,000-50,000 (Paid internship)"
Node.js Developer Intern,"Problem-solving, Learning orientation, Asynchronous thinking, Teamwork","JavaScript/TypeScript, React/Vue, Node.js, HTML/CSS, Git basics",Fresh graduate / Final year student,"0-25,000 (Unpaid) | 25,000-50,000 (Paid internship)"
Go Developer Intern,"Problem-solving, Learning mindset, System thinking, Teamwork","JavaScript/TypeScript, React/Vue, Node.js, HTML/CSS, Git basics",Fresh graduate / Final year student,"0-25,000 (Unpaid) | 25,000-50,000 (Paid internship)"
Data Science Intern,"Analytical thinking, Learning mindset, Communication, Data curiosity","JavaScript/TypeScript, React/Vue, Node.js, HTML/CSS, Git basics",Fresh graduate / Final year student,"0-25,000 (Unpaid) | 25,000-50,000 (Paid internship)"
Machine Learning Intern,"Research mindset, Problem-solving, Learning orientation, Experimentation","JavaScript/TypeScript, React/Vue, Node.js, HTML/CSS, Git basics",Fresh graduate / Final year student,"0-25,000 (Unpaid) | 25,000-50,000 (Paid internship)"
AI/ML Engineer Trainee,"Research-driven, Problem-solving, Learning agility, Experimentation","JavaScript/TypeScript, React/Vue, Node.js, HTML/CSS, Git basics",Fresh graduate / Final year student,"0-25,000 (Unpaid) | 25,000-50,000 (Paid internship)"
Data Engineer Intern,"Problem-solving, System thinking, Learning mindset, Documentation","JavaScript/TypeScript, React/Vue, Node.js, HTML/CSS, Git basics",Fresh graduate / Final year student,"0-25,000 (Unpaid) | 25,000-50,000 (Paid internship)"
Database Administration Intern,"Learning orientation, Attention to detail, Problem-solving, Teamwork","JavaScript/TypeScript, React/Vue, Node.js, HTML/CSS, Git basics",Fresh graduate / Final year student,"0-25,000 (Unpaid) | 25,000-50,000 (Paid internship)"
DevOps Intern,"Automation thinking, Problem-solving, Learning mindset, Teamwork","JavaScript/TypeScript, React/Vue, Node.js, HTML/CSS, Git basics",Fresh graduate / Final year student,"0-25,000 (Unpaid) | 25,000-50,000 (Paid internship)"
Cloud Computing Intern (AWS),"Learning mindset, Cloud thinking, Problem-solving, Teamwork","JavaScript/TypeScript, React/Vue, Node.js, HTML/CSS, Git basics",Fresh graduate / Final year student,"0-25,000 (Unpaid) | 25,000-50,000 (Paid internship)"
Cloud Computing Intern (Azure),"Learning orientation, Cloud awareness, Problem-solving, Teamwork","JavaScript/TypeScript, React/Vue, Node.js, HTML/CSS, Git basics",Fresh graduate / Final year student,"0-25,000 (Unpaid) | 25,000-50,000 (Paid internship)"
Network Engineer Intern,"Problem-solving, Learning mindset, Network thinking, Teamwork","JavaScript/TypeScript, React/Vue, Node.js, HTML/CSS, Git basics",Fresh graduate / Final year student,"0-25,000 (Unpaid) | 25,000-50,000 (Paid internship)"
IT Support Intern,"Communication, Problem-solving, Patience, Learning mindset","JavaScript/TypeScript, React/Vue, Node.js, HTML/CSS, Git basics",Fresh graduate / Final year student,"0-25,000 (Unpaid) | 25,000-50,000 (Paid internship)"
Help Desk Intern,"Customer service orientation, Problem-solving, Learning mindset, Teamwork","JavaScript/TypeScript, React/Vue, Node.js, HTML/CSS, Git basics",Fresh graduate / Final year student,"0-25,000 (Unpaid) | 25,000-50,000 (Paid internship)"
System Administrator Intern,"Learning mindset, System awareness, Problem-solving, Teamwork","JavaScript/TypeScript, React/Vue, Node.js, HTML/CSS, Git basics",Fresh graduate / Final year student,"0-25,000 (Unpaid) | 25,000-50,000 (Paid internship)"
Cybersecurity Trainee,"Security mindset, Learning orientation, Problem-solving, Teamwork","JavaScript/TypeScript, React/Vue, Node.js, HTML/CSS, Git basics",Fresh graduate / Final year student,"0-25,000 (Unpaid) | 25,000-50,000 (Paid internship)"
Penetration Testing Intern,"Research orientation, Problem-solving, Learning mindset, Curiosity","JavaScript/TypeScript, React/Vue, Node.js, HTML/CSS, Git basics",Fresh graduate / Final year student,"0-25,000 (Unpaid) | 25,000-50,000 (Paid internship)"
Information Security Intern,"Security awareness, Learning mindset, Problem-solving, Teamwork","JavaScript/TypeScript, React/Vue, Node.js, HTML/CSS, Git basics",Fresh graduate / Final year student,"0-25,000 (Unpaid) | 25,000-50,000 (Paid internship)"
QA Manual Tester Intern,"Attention to detail, Learning mindset, Documentation, Problem-solving","JavaScript/TypeScript, React/Vue, Node.js, HTML/CSS, Git basics",Fresh graduate / Final year student,"0-25,000 (Unpaid) | 25,000-50,000 (Paid internship)"
QA Automation Intern,"Problem-solving, Analytical skills, Learning orientation, Automation thinking","JavaScript/TypeScript, React/Vue, Node.js, HTML/CSS, Git basics",Fresh graduate / Final year student,"0-25,000 (Unpaid) | 25,000-50,000 (Paid internship)"
Performance Testing Intern,"Attention to performance, Learning mindset, Problem-solving, Analysis","JavaScript/TypeScript, React/Vue, Node.js, HTML/CSS, Git basics",Fresh graduate / Final year student,"0-25,000 (Unpaid) | 25,000-50,000 (Paid internship)"
UI/UX Designer Intern,"Creativity, Design thinking, Learning mindset, User empathy","JavaScript/TypeScript, React/Vue, Node.js, HTML/CSS, Git basics",Fresh graduate / Final year student,"0-25,000 (Unpaid) | 25,000-50,000 (Paid internship)"
Graphic Design Intern,"Creativity, Visual thinking, Learning mindset, Design awareness","JavaScript/TypeScript, React/Vue, Node.js, HTML/CSS, Git basics",Fresh graduate / Final year student,"0-25,000 (Unpaid) | 25,000-50,000 (Paid internship)"
Business Analyst Intern,"Communication, Analytical thinking, Learning mindset, Stakeholder awareness","JavaScript/TypeScript, React/Vue, Node.js, HTML/CSS, Git basics",Fresh graduate / Final year student,"0-25,000 (Unpaid) | 25,000-50,000 (Paid internship)"
Systems Analyst Intern,"Analytical thinking, Problem-solving, Learning mindset, System awareness","JavaScript/TypeScript, React/Vue, Node.js, HTML/CSS, Git basics",Fresh graduate / Final year student,"0-25,000 (Unpaid) | 25,000-50,000 (Paid internship)"
Solutions Architect Trainee,"Learning orientation, Strategic thinking, Problem-solving, Mentoring receptiveness","JavaScript/TypeScript, React/Vue, Node.js, HTML/CSS, Git basics",Fresh graduate / Final year student,"0-25,000 (Unpaid) | 25,000-50,000 (Paid internship)"
IT Project Manager Trainee,"Organization skills, Learning mindset, Communication, Adaptability","JavaScript/TypeScript, React/Vue, Node.js, HTML/CSS, Git basics",Fresh graduate / Final year student,"0-25,000 (Unpaid) | 25,000-50,000 (Paid internship)"
Scrum Master Trainee,"Adaptability, Learning orientation, Team facilitation, Agile mindset","JavaScript/TypeScript, React/Vue, Node.js, HTML/CSS, Git basics",Fresh graduate / Final year student,"0-25,000 (Unpaid) | 25,000-50,000 (Paid internship)"
Technical Writer Intern,"Communication skills, Learning mindset, Technical writing, Organization","JavaScript/TypeScript, React/Vue, Node.js, HTML/CSS, Git basics",Fresh graduate / Final year student,"0-25,000 (Unpaid) | 25,000-50,000 (Paid internship)"
IT Trainer Intern,"Communication skills, Learning mindset, Training delivery, Patience","JavaScript/TypeScript, React/Vue, Node.js, HTML/CSS, Git basics",Fresh graduate / Final year student,"0-25,000 (Unpaid) | 25,000-50,000 (Paid internship)"
IT Consultant Trainee,"Communication, Problem-solving, Advisory learning, Strategic thinking","JavaScript/TypeScript, React/Vue, Node.js, HTML/CSS, Git basics",Fresh graduate / Final year student,"0-25,000 (Unpaid) | 25,000-50,000 (Paid internship)"
Business Intelligence Intern,"Analytical thinking, Learning mindset, Problem-solving, Data awareness","JavaScript/TypeScript, React/Vue, Node.js, HTML/CSS, Git basics",Fresh graduate / Final year student,"0-25,000 (Unpaid) | 25,000-50,000 (Paid internship)"
Database Developer Intern,"Problem-solving, Learning orientation, SQL awareness, Documentation","JavaScript/TypeScript, React/Vue, Node.js, HTML/CSS, Git basics",Fresh graduate / Final year student,"0-25,000 (Unpaid) | 25,000-50,000 (Paid internship)"
Application Support Intern,"Communication, Learning mindset, Support orientation, Problem-solving","JavaScript/TypeScript, React/Vue, Node.js, HTML/CSS, Git basics",Fresh graduate / Final year student,"0-25,000 (Unpaid) | 25,000-50,000 (Paid internship)"
IT Operations Intern,"Learning mindset, Operational thinking, Problem-solving, Teamwork","JavaScript/TypeScript, React/Vue, Node.js, HTML/CSS, Git basics",Fresh graduate / Final year student,"0-25,000 (Unpaid) | 25,000-50,000 (Paid internship)"
Infrastructure Engineer Intern,"Problem-solving, Learning orientation, Infrastructure thinking, Teamwork","JavaScript/TypeScript, React/Vue, Node.js, HTML/CSS, Git basics",Fresh graduate / Final year student,"0-25,000 (Unpaid) | 25,000-50,000 (Paid internship)"
Site Reliability Engineer Intern,"Learning mindset, Problem-solving, Monitoring awareness, Systematic approach","JavaScript/TypeScript, React/Vue, Node.js, HTML/CSS, Git basics",Fresh graduate / Final year student,"0-25,000 (Unpaid) | 25,000-50,000 (Paid internship)"
API Developer Intern,"Problem-solving, API design learning, Communication, Documentation","JavaScript/TypeScript, React/Vue, Node.js, HTML/CSS, Git basics",Fresh graduate / Final year student,"0-25,000 (Unpaid) | 25,000-50,000 (Paid internship)"
Integration Engineer Intern,"System thinking, Learning mindset, Integration thinking, Problem-solving","JavaScript/TypeScript, React/Vue, Node.js, HTML/CSS, Git basics",Fresh graduate / Final year student,"0-25,000 (Unpaid) | 25,000-50,000 (Paid internship)"
Game Developer Intern,"Creativity, Problem-solving, Learning mindset, Performance awareness","JavaScript/TypeScript, React/Vue, Node.js, HTML/CSS, Git basics",Fresh graduate / Final year student,"0-25,000 (Unpaid) | 25,000-50,000 (Paid internship)"
Embedded Systems Intern,"Attention to detail, Learning mindset, Hardware awareness, Problem-solving","JavaScript/TypeScript, React/Vue, Node.js, HTML/CSS, Git basics",Fresh graduate / Final year student,"0-25,000 (Unpaid) | 25,000-50,000 (Paid internship)"
Browser Developer Intern,"Learning mindset, Code understanding, Browser technology awareness, Problem-solving","JavaScript/TypeScript, React/Vue, Node.js, HTML/CSS, Git basics",Fresh graduate / Final year student,"0-25,000 (Unpaid) | 25,000-50,000 (Paid internship)"
Voice/Chat AI Engineer Trainee,"Research mindset, Learning orientation, Communication, AI awareness","JavaScript/TypeScript, React/Vue, Node.js, HTML/CSS, Git basics",Fresh graduate / Final year student,"0-25,000 (Unpaid) | 25,000-50,000 (Paid internship)"
NLP Engineer Intern,"Learning mindset, Language processing thinking, Problem-solving, Research","JavaScript/TypeScript, React/Vue, Node.js, HTML/CSS, Git basics",Fresh graduate / Final year student,"0-25,000 (Unpaid) | 25,000-50,000 (Paid internship)"
Computer Vision Intern,"Visual thinking, Learning mindset, Problem-solving, Image processing awareness","JavaScript/TypeScript, React/Vue, Node.js, HTML/CSS, Git basics",Fresh graduate / Final year student,"0-25,000 (Unpaid) | 25,000-50,000 (Paid internship)"
E-commerce Developer Intern,"E-commerce thinking, Learning mindset, Problem-solving, User flow awareness","JavaScript/TypeScript, React/Vue, Node.js, HTML/CSS, Git basics",Fresh graduate / Final year student,"0-25,000 (Unpaid) | 25,000-50,000 (Paid internship)"
Web3/Blockchain Developer Intern,"Emerging tech awareness, Learning mindset, Problem-solving, Innovation thinking","JavaScript/TypeScript, React/Vue, Node.js, HTML/CSS, Git basics",Fresh graduate / Final year student,"0-25,000 (Unpaid) | 25,000-50,000 (Paid internship)"
Mobile QA Tester Intern,"Attention to detail, Learning mindset, Mobile awareness, Problem-solving","JavaScript/TypeScript, React/Vue, Node.js, HTML/CSS, Git basics",Fresh graduate / Final year student,"0-25,000 (Unpaid) | 25,000-50,000 (Paid internship)"
Testing Automation Intern,"Automation thinking, Learning mindset, Problem-solving, Tool awareness","JavaScript/TypeScript, React/Vue, Node.js, HTML/CSS, Git basics",Fresh graduate / Final year student,"0-25,000 (Unpaid) | 25,000-50,000 (Paid internship)"
Salesforce Administrator,"Communication, Organizational skills, Problem-solving, User support orientation","Salesforce platform, Einstein Analytics, Flow, Apex basics, SOQL","1-2 (Entry), 3-5 (Mid), 6+ (Senior)","90,000-140,000 (Entry) | 140,000-240,000 (Mid) | 240,000-420,000 (Senior)"
Salesforce Business Analyst,"Communication, Organizational skills, Problem-solving, User support orientation","Salesforce platform, Einstein Analytics, Flow, Apex basics, SOQL","1-2 (Entry), 3-5 (Mid), 6+ (Senior)","90,000-140,000 (Entry) | 140,000-240,000 (Mid) | 240,000-420,000 (Senior)"
Salesforce Developer,"Communication, Organizational skills, Problem-solving, User support orientation","Salesforce platform, Einstein Analytics, Flow, Apex basics, SOQL","1-2 (Entry), 3-5 (Mid), 6+ (Senior)","90,000-140,000 (Entry) | 140,000-240,000 (Mid) | 240,000-420,000 (Senior)"
SAP Consultant (FI-CO),"Communication, Organizational skills, Problem-solving, User support orientation","Salesforce platform, Einstein Analytics, Flow, Apex basics, SOQL","1-2 (Entry), 3-5 (Mid), 6+ (Senior)","90,000-140,000 (Entry) | 140,000-240,000 (Mid) | 240,000-420,000 (Senior)"
SAP Consultant (MM/SD),"Communication, Organizational skills, Problem-solving, User support orientation","Salesforce platform, Einstein Analytics, Flow, Apex basics, SOQL","1-2 (Entry), 3-5 (Mid), 6+ (Senior)","90,000-140,000 (Entry) | 140,000-240,000 (Mid) | 240,000-420,000 (Senior)"
SAP ABAP Developer,"Communication, Organizational skills, Problem-solving, User support orientation","Salesforce platform, Einstein Analytics, Flow, Apex basics, SOQL","1-2 (Entry), 3-5 (Mid), 6+ (Senior)","90,000-140,000 (Entry) | 140,000-240,000 (Mid) | 240,000-420,000 (Senior)"
ERP Implementation Consultant,"Communication, Organizational skills, Problem-solving, User support orientation","Salesforce platform, Einstein Analytics, Flow, Apex basics, SOQL","1-2 (Entry), 3-5 (Mid), 6+ (Senior)","90,000-140,000 (Entry) | 140,000-240,000 (Mid) | 240,000-420,000 (Senior)"
ERP Systems Analyst,"Communication, Organizational skills, Problem-solving, User support orientation","Salesforce platform, Einstein Analytics, Flow, Apex basics, SOQL","1-2 (Entry), 3-5 (Mid), 6+ (Senior)","90,000-140,000 (Entry) | 140,000-240,000 (Mid) | 240,000-420,000 (Senior)"
Oracle Database Administrator,"Communication, Organizational skills, Problem-solving, User support orientation","Salesforce platform, Einstein Analytics, Flow, Apex basics, SOQL","1-2 (Entry), 3-5 (Mid), 6+ (Senior)","90,000-140,000 (Entry) | 140,000-240,000 (Mid) | 240,000-420,000 (Senior)"
Oracle Applications Developer,"Communication, Organizational skills, Problem-solving, User support orientation","Salesforce platform, Einstein Analytics, Flow, Apex basics, SOQL","1-2 (Entry), 3-5 (Mid), 6+ (Senior)","90,000-140,000 (Entry) | 140,000-240,000 (Mid) | 240,000-420,000 (Senior)"
Data Warehouse Developer,"Communication, Organizational skills, Problem-solving, User support orientation","Salesforce platform, Einstein Analytics, Flow, Apex basics, SOQL","1-2 (Entry), 3-5 (Mid), 6+ (Senior)","90,000-140,000 (Entry) | 140,000-240,000 (Mid) | 240,000-420,000 (Senior)"
Data Warehouse Architect,"Communication, Organizational skills, Problem-solving, User support orientation","Salesforce platform, Einstein Analytics, Flow, Apex basics, SOQL","1-2 (Entry), 3-5 (Mid), 6+ (Senior)","90,000-140,000 (Entry) | 140,000-240,000 (Mid) | 240,000-420,000 (Senior)"
ETL Developer,"Communication, Organizational skills, Problem-solving, User support orientation","Salesforce platform, Einstein Analytics, Flow, Apex basics, SOQL","1-2 (Entry), 3-5 (Mid), 6+ (Senior)","90,000-140,000 (Entry) | 140,000-240,000 (Mid) | 240,000-420,000 (Senior)"
Business Intelligence Developer,"Communication, Organizational skills, Problem-solving, User support orientation","Salesforce platform, Einstein Analytics, Flow, Apex basics, SOQL","1-2 (Entry), 3-5 (Mid), 6+ (Senior)","90,000-140,000 (Entry) | 140,000-240,000 (Mid) | 240,000-420,000 (Senior)"
Analytics Engineer,"Communication, Organizational skills, Problem-solving, User support orientation","Salesforce platform, Einstein Analytics, Flow, Apex basics, SOQL","1-2 (Entry), 3-5 (Mid), 6+ (Senior)","90,000-140,000 (Entry) | 140,000-240,000 (Mid) | 240,000-420,000 (Senior)"
Release Manager,"Communication, Organizational skills, Problem-solving, User support orientation","Salesforce platform, Einstein Analytics, Flow, Apex basics, SOQL","1-2 (Entry), 3-5 (Mid), 6+ (Senior)","90,000-140,000 (Entry) | 140,000-240,000 (Mid) | 240,000-420,000 (Senior)"
Change Manager,"Communication, Organizational skills, Problem-solving, User support orientation","Salesforce platform, Einstein Analytics, Flow, Apex basics, SOQL","1-2 (Entry), 3-5 (Mid), 6+ (Senior)","90,000-140,000 (Entry) | 140,000-240,000 (Mid) | 240,000-420,000 (Senior)"
IT Service Manager,"Communication, Organizational skills, Problem-solving, User support orientation","Salesforce platform, Einstein Analytics, Flow, Apex basics, SOQL","1-2 (Entry), 3-5 (Mid), 6+ (Senior)","90,000-140,000 (Entry) | 140,000-240,000 (Mid) | 240,000-420,000 (Senior)"
Configuration Manager,"Communication, Organizational skills, Problem-solving, User support orientation","Salesforce platform, Einstein Analytics, Flow, Apex basics, SOQL","1-2 (Entry), 3-5 (Mid), 6+ (Senior)","90,000-140,000 (Entry) | 140,000-240,000 (Mid) | 240,000-420,000 (Senior)"
IT Program Manager,"Communication, Organizational skills, Problem-solving, User support orientation","Salesforce platform, Einstein Analytics, Flow, Apex basics, SOQL","1-2 (Entry), 3-5 (Mid), 6+ (Senior)","90,000-140,000 (Entry) | 140,000-240,000 (Mid) | 240,000-420,000 (Senior)"
Technical Program Manager,"Communication, Organizational skills, Problem-solving, User support orientation","Salesforce platform, Einstein Analytics, Flow, Apex basics, SOQL","1-2 (Entry), 3-5 (Mid), 6+ (Senior)","90,000-140,000 (Entry) | 140,000-240,000 (Mid) | 240,000-420,000 (Senior)"
IT Operations Manager,"Communication, Organizational skills, Problem-solving, User support orientation","Salesforce platform, Einstein Analytics, Flow, Apex basics, SOQL","1-2 (Entry), 3-5 (Mid), 6+ (Senior)","90,000-140,000 (Entry) | 140,000-240,000 (Mid) | 240,000-420,000 (Senior)"
IT Manager,"Communication, Organizational skills, Problem-solving, User support orientation","Salesforce platform, Einstein Analytics, Flow, Apex basics, SOQL","1-2 (Entry), 3-5 (Mid), 6+ (Senior)","90,000-140,000 (Entry) | 140,000-240,000 (Mid) | 240,000-420,000 (Senior)"
IT Director,"Communication, Organizational skills, Problem-solving, User support orientation","Salesforce platform, Einstein Analytics, Flow, Apex basics, SOQL","1-2 (Entry), 3-5 (Mid), 6+ (Senior)","90,000-140,000 (Entry) | 140,000-240,000 (Mid) | 240,000-420,000 (Senior)"
Chief Technology Officer (CTO),"Communication, Organizational skills, Problem-solving, User support orientation","Salesforce platform, Einstein Analytics, Flow, Apex basics, SOQL","1-2 (Entry), 3-5 (Mid), 6+ (Senior)","90,000-140,000 (Entry) | 140,000-240,000 (Mid) | 240,000-420,000 (Senior)"
Application Security Architect,"Communication, Organizational skills, Problem-solving, User support orientation","Salesforce platform, Einstein Analytics, Flow, Apex basics, SOQL","1-2 (Entry), 3-5 (Mid), 6+ (Senior)","90,000-140,000 (Entry) | 140,000-240,000 (Mid) | 240,000-420,000 (Senior)"
Security Architect,"Communication, Organizational skills, Problem-solving, User support orientation","Salesforce platform, Einstein Analytics, Flow, Apex basics, SOQL","1-2 (Entry), 3-5 (Mid), 6+ (Senior)","90,000-140,000 (Entry) | 140,000-240,000 (Mid) | 240,000-420,000 (Senior)"
Compliance Officer,"Communication, Organizational skills, Problem-solving, User support orientation","Salesforce platform, Einstein Analytics, Flow, Apex basics, SOQL","1-2 (Entry), 3-5 (Mid), 6+ (Senior)","90,000-140,000 (Entry) | 140,000-240,000 (Mid) | 240,000-420,000 (Senior)"
Risk Management Specialist,"Communication, Organizational skills, Problem-solving, User support orientation","Salesforce platform, Einstein Analytics, Flow, Apex basics, SOQL","1-2 (Entry), 3-5 (Mid), 6+ (Senior)","90,000-140,000 (Entry) | 140,000-240,000 (Mid) | 240,000-420,000 (Senior)"
IT Risk Analyst,"Communication, Organizational skills, Problem-solving, User support orientation","Salesforce platform, Einstein Analytics, Flow, Apex basics, SOQL","1-2 (Entry), 3-5 (Mid), 6+ (Senior)","90,000-140,000 (Entry) | 140,000-240,000 (Mid) | 240,000-420,000 (Senior)"
Solutions Engineer,"Communication, Organizational skills, Problem-solving, User support orientation","Salesforce platform, Einstein Analytics, Flow, Apex basics, SOQL","1-2 (Entry), 3-5 (Mid), 6+ (Senior)","90,000-140,000 (Entry) | 140,000-240,000 (Mid) | 240,000-420,000 (Senior)"
Technical Architect,"Communication, Organizational skills, Problem-solving, User support orientation","Salesforce platform, Einstein Analytics, Flow, Apex basics, SOQL","1-2 (Entry), 3-5 (Mid), 6+ (Senior)","90,000-140,000 (Entry) | 140,000-240,000 (Mid) | 240,000-420,000 (Senior)"
Senior Technology Consultant,"Communication, Organizational skills, Problem-solving, User support orientation","Salesforce platform, Einstein Analytics, Flow, Apex basics, SOQL","1-2 (Entry), 3-5 (Mid), 6+ (Senior)","90,000-140,000 (Entry) | 140,000-240,000 (Mid) | 240,000-420,000 (Senior)"
Technology Strategist,"Communication, Organizational skills, Problem-solving, User support orientation","Salesforce platform, Einstein Analytics, Flow, Apex basics, SOQL","1-2 (Entry), 3-5 (Mid), 6+ (Senior)","90,000-140,000 (Entry) | 140,000-240,000 (Mid) | 240,000-420,000 (Senior)"
Digital Transformation Manager,"Communication, Organizational skills, Problem-solving, User support orientation","Salesforce platform, Einstein Analytics, Flow, Apex basics, SOQL","1-2 (Entry), 3-5 (Mid), 6+ (Senior)","90,000-140,000 (Entry) | 140,000-240,000 (Mid) | 240,000-420,000 (Senior)"
Agile Coach,"Communication, Organizational skills, Problem-solving, User support orientation","Salesforce platform, Einstein Analytics, Flow, Apex basics, SOQL","1-2 (Entry), 3-5 (Mid), 6+ (Senior)","90,000-140,000 (Entry) | 140,000-240,000 (Mid) | 240,000-420,000 (Senior)"
Product Manager,"Communication, Organizational skills, Problem-solving, User support orientation","Salesforce platform, Einstein Analytics, Flow, Apex basics, SOQL","1-2 (Entry), 3-5 (Mid), 6+ (Senior)","90,000-140,000 (Entry) | 140,000-240,000 (Mid) | 240,000-420,000 (Senior)"
Product Owner,"Communication, Organizational skills, Problem-solving, User support orientation","Salesforce platform, Einstein Analytics, Flow, Apex basics, SOQL","1-2 (Entry), 3-5 (Mid), 6+ (Senior)","90,000-140,000 (Entry) | 140,000-240,000 (Mid) | 240,000-420,000 (Senior)"
Technical Product Manager,"Communication, Organizational skills, Problem-solving, User support orientation","Salesforce platform, Einstein Analytics, Flow, Apex basics, SOQL","1-2 (Entry), 3-5 (Mid), 6+ (Senior)","90,000-140,000 (Entry) | 140,000-240,000 (Mid) | 240,000-420,000 (Senior)"
Software Architect,"Communication, Organizational skills, Problem-solving, User support orientation","Salesforce platform, Einstein Analytics, Flow, Apex basics, SOQL","1-2 (Entry), 3-5 (Mid), 6+ (Senior)","90,000-140,000 (Entry) | 140,000-240,000 (Mid) | 240,000-420,000 (Senior)"
Microservices Architect,"Communication, Organizational skills, Problem-solving, User support orientation","Salesforce platform, Einstein Analytics, Flow, Apex basics, SOQL","1-2 (Entry), 3-5 (Mid), 6+ (Senior)","90,000-140,000 (Entry) | 140,000-240,000 (Mid) | 240,000-420,000 (Senior)"
Blockchain Developer,"Communication, Organizational skills, Problem-solving, User support orientation","Salesforce platform, Einstein Analytics, Flow, Apex basics, SOQL","1-2 (Entry), 3-5 (Mid), 6+ (Senior)","90,000-140,000 (Entry) | 140,000-240,000 (Mid) | 240,000-420,000 (Senior)"
Cryptocurrency/Web3 Specialist,"Communication, Organizational skills, Problem-solving, User support orientation","Salesforce platform, Einstein Analytics, Flow, Apex basics, SOQL","1-2 (Entry), 3-5 (Mid), 6+ (Senior)","90,000-140,000 (Entry) | 140,000-240,000 (Mid) | 240,000-420,000 (Senior)"
IoT Solutions Architect,"Communication, Organizational skills, Problem-solving, User support orientation","Salesforce platform, Einstein Analytics, Flow, Apex basics, SOQL","1-2 (Entry), 3-5 (Mid), 6+ (Senior)","90,000-140,000 (Entry) | 140,000-240,000 (Mid) | 240,000-420,000 (Senior)"
Robotics Process Automation (RPA) Developer,"Communication, Organizational skills, Problem-solving, User support orientation","Salesforce platform, Einstein Analytics, Flow, Apex basics, SOQL","1-2 (Entry), 3-5 (Mid), 6+ (Senior)","90,000-140,000 (Entry) | 140,000-240,000 (Mid) | 240,000-420,000 (Senior)"
Power BI Developer,"Communication, Organizational skills, Problem-solving, User support orientation","Salesforce platform, Einstein Analytics, Flow, Apex basics, SOQL","1-2 (Entry), 3-5 (Mid), 6+ (Senior)","90,000-140,000 (Entry) | 140,000-240,000 (Mid) | 240,000-420,000 (Senior)"
Tableau Developer,"Communication, Organizational skills, Problem-solving, User support orientation","Salesforce platform, Einstein Analytics, Flow, Apex basics, SOQL","1-2 (Entry), 3-5 (Mid), 6+ (Senior)","90,000-140,000 (Entry) | 140,000-240,000 (Mid) | 240,000-420,000 (Senior)"
Informatica Developer,"Communication, Organizational skills, Problem-solving, User support orientation","Salesforce platform, Einstein Analytics, Flow, Apex basics, SOQL","1-2 (Entry), 3-5 (Mid), 6+ (Senior)","90,000-140,000 (Entry) | 140,000-240,000 (Mid) | 240,000-420,000 (Senior)"
Talend Developer,"Communication, Organizational skills, Problem-solving, User support orientation","Salesforce platform, Einstein Analytics, Flow, Apex basics, SOQL","1-2 (Entry), 3-5 (Mid), 6+ (Senior)","90,000-140,000 (Entry) | 140,000-240,000 (Mid) | 240,000-420,000 (Senior)"
Kubernetes Administrator,"Communication, Organizational skills, Problem-solving, User support orientation","Salesforce platform, Einstein Analytics, Flow, Apex basics, SOQL","1-2 (Entry), 3-5 (Mid), 6+ (Senior)","90,000-140,000 (Entry) | 140,000-240,000 (Mid) | 240,000-420,000 (Senior)"
Cloud Solutions Intern,"Learning mindset, Problem-solving, Cloud awareness, Teamwork","AWS/Azure/GCP basics, Cloud architecture, REST APIs, Terraform",Fresh graduate / Final year student,"0-20,000 (Unpaid) | 20,000-50,000 (Paid internship)"
AWS Solutions Intern,"Cloud thinking, Problem-solving, Learning mindset, AWS knowledge","AWS EC2, S3, Lambda, RDS, CloudFormation basics, Terraform",Fresh graduate / Final year student,"0-25,000 (Unpaid) | 25,000-60,000 (Paid internship)"
Azure Cloud Intern,"Cloud awareness, Problem-solving, Learning orientation, Azure basics","Azure VMs, App Service, SQL Database, Azure DevOps basics",Fresh graduate / Final year student,"0-20,000 (Unpaid) | 20,000-55,000 (Paid internship)"
GCP Cloud Intern,"Cloud mindset, Problem-solving, Learning orientation, GCP awareness","GCP Compute Engine, Cloud Storage, Dataflow, Terraform basics",Fresh graduate / Final year student,"0-22,000 (Unpaid) | 22,000-55,000 (Paid internship)"
Salesforce Intern,"Learning mindset, Configuration awareness, Problem-solving, Teamwork","Salesforce platform, Apex basics, SOQL, Salesforce configuration",Fresh graduate / Final year student,"0-18,000 (Unpaid) | 18,000-45,000 (Paid internship)"
SAP Intern,"Enterprise thinking, Learning mindset, Problem-solving, Teamwork","SAP modules basics, ABAP fundamentals, SAP NetWeaver introduction",Fresh graduate / Final year student,"0-20,000 (Unpaid) | 20,000-50,000 (Paid internship)"
Oracle Intern,"Enterprise systems awareness, Learning mindset, Problem-solving, Teamwork","Oracle Database basics, SQL, PL/SQL fundamentals, Oracle Forms intro",Fresh graduate / Final year student,"0-18,000 (Unpaid) | 18,000-45,000 (Paid internship)"
ERP Systems Intern,"ERP understanding, Learning mindset, Problem-solving, Documentation","ERP platforms basics, Business process mapping, SAP/Oracle introduction",Fresh graduate / Final year student,"0-20,000 (Unpaid) | 20,000-48,000 (Paid internship)"
Mainframe Developer Intern,"Legacy systems awareness, Learning mindset, Problem-solving, Teamwork","Mainframe concepts, z/OS basics, Enterprise systems understanding",Fresh graduate / Final year student,"0-22,000 (Unpaid) | 22,000-50,000 (Paid internship)"
COBOL Developer Intern,"Legacy programming mindset, Learning mindset, Problem-solving, Attention to detail","COBOL basics, Mainframe programming, Legacy systems introduction",Fresh graduate / Final year student,"0-20,000 (Unpaid) | 20,000-48,000 (Paid internship)"
Kubernetes Intern,"Container orchestration mindset, Learning orientation, Problem-solving, Teamwork","Kubernetes, Docker, YAML, Container orchestration basics",Fresh graduate / Final year student,"0-25,000 (Unpaid) | 25,000-60,000 (Paid internship)"
Docker Intern,"Containerization thinking, Problem-solving, Learning mindset, Teamwork","Docker, Container concepts, Docker Compose, Image management basics",Fresh graduate / Final year student,"0-22,000 (Unpaid) | 22,000-55,000 (Paid internship)"
Jenkins DevOps Intern,"CI/CD pipeline awareness, Learning mindset, Problem-solving, Teamwork","Jenkins, CI/CD pipelines, Git, Groovy basics",Fresh graduate / Final year student,"0-24,000 (Unpaid) | 24,000-58,000 (Paid internship)"
Linux System Administration Intern,"System administration mindset, Learning orientation, Problem-solving, Teamwork","Linux fundamentals, Bash scripting, System administration basics",Fresh graduate / Final year student,"0-18,000 (Unpaid) | 18,000-45,000 (Paid internship)"
Windows System Administration Intern,"Windows administration thinking, Learning mindset, Problem-solving, Teamwork","Windows Server basics, PowerShell, System management introduction",Fresh graduate / Final year student,"0-18,000 (Unpaid) | 18,000-45,000 (Paid internship)"
Hadoop Big Data Intern,"Big data thinking, Problem-solving, Learning mindset, Data awareness","Hadoop ecosystem, HDFS basics, MapReduce fundamentals, Hive intro",Fresh graduate / Final year student,"0-25,000 (Unpaid) | 25,000-60,000 (Paid internship)"
Apache Spark Intern,"Distributed computing mindset, Learning orientation, Problem-solving, Teamwork","Apache Spark, PySpark basics, Distributed computing, Spark SQL",Fresh graduate / Final year student,"0-25,000 (Unpaid) | 25,000-60,000 (Paid internship)"
Data Analytics Intern,"Data-driven thinking, Learning mindset, Problem-solving, Analysis","Python, Pandas, NumPy, SQL, Data visualization tools",Fresh graduate / Final year student,"0-22,000 (Unpaid) | 22,000-55,000 (Paid internship)"
Power BI Intern,"Data visualization thinking, Learning mindset, Problem-solving, Analytical skills","Power BI basics, DAX fundamentals, Data models, Excel integration",Fresh graduate / Final year student,"0-20,000 (Unpaid) | 20,000-50,000 (Paid internship)"
Tableau Intern,"Data visualization mindset, Problem-solving, Learning orientation, Design awareness","Tableau basics, Tableau Prep, Data visualization, SQL fundamentals",Fresh graduate / Final year student,"0-20,000 (Unpaid) | 20,000-50,000 (Paid internship)"
Informatica Intern,"Data integration thinking, Learning mindset, Problem-solving, System awareness","Informatica basics, Data mapping, ETL design, Cloud data platforms",Fresh graduate / Final year student,"0-22,000 (Unpaid) | 22,000-55,000 (Paid internship)"
Talend Intern,"Data integration mindset, Learning orientation, Problem-solving, Teamwork","Talend basics, Data integration, Job designer, Apache components",Fresh graduate / Final year student,"0-22,000 (Unpaid) | 22,000-55,000 (Paid internship)"
MongoDB Developer Intern,"NoSQL thinking, Problem-solving, Learning mindset, Database awareness","MongoDB, NoSQL concepts, JSON, Query language basics",Fresh graduate / Final year student,"0-18,000 (Unpaid) | 18,000-45,000 (Paid internship)"
PostgreSQL Developer Intern,"Relational database thinking, Learning mindset, Problem-solving, SQL awareness","PostgreSQL, SQL, Relational database concepts, PL/pgSQL basics",Fresh graduate / Final year student,"0-20,000 (Unpaid) | 20,000-50,000 (Paid internship)"
MySQL Developer Intern,"Relational database mindset, Learning orientation, Problem-solving, Teamwork","MySQL, SQL, Relational databases, PHP/Python integration basics",Fresh graduate / Final year student,"0-18,000 (Unpaid) | 18,000-48,000 (Paid internship)"
Redis Developer Intern,"In-memory database thinking, Learning mindset, Problem-solving, Performance awareness","Redis, In-memory databases, Caching concepts, Key-value stores",Fresh graduate / Final year student,"0-20,000 (Unpaid) | 20,000-50,000 (Paid internship)"
GraphQL API Developer Intern,"API design learning, Problem-solving, Learning mindset, Communication","GraphQL basics, Apollo Server intro, REST API comparison",Fresh graduate / Final year student,"0-18,000 (Unpaid) | 18,000-45,000 (Paid internship)"
Microservices Architecture Intern,"Architecture thinking, Problem-solving, Learning mindset, System awareness","Microservices patterns, Domain-driven design, Docker/Kubernetes",Fresh graduate / Final year student,"0-25,000 (Unpaid) | 25,000-60,000 (Paid internship)"
Service Mesh Intern,"Service mesh mindset, Learning orientation, Problem-solving, Teamwork","Service mesh platforms (Istio), Kubernetes, Distributed systems",Fresh graduate / Final year student,"0-24,000 (Unpaid) | 24,000-58,000 (Paid internship)"
API Gateway Intern,"Gateway architecture thinking, Learning mindset, Problem-solving, Teamwork","API Gateway concepts, Kong/AWS API Gateway, Microservices routing",Fresh graduate / Final year student,"0-22,000 (Unpaid) | 22,000-55,000 (Paid internship)"
Message Queue Developer Intern (Kafka/RabbitMQ),"Message queue thinking, Learning mindset, Problem-solving, System awareness","Kafka/RabbitMQ basics, Message queues, Event-driven architecture",Fresh graduate / Final year student,"0-22,000 (Unpaid) | 22,000-55,000 (Paid internship)"
IoT Developer Intern,"IoT thinking, Problem-solving, Learning mindset, Hardware awareness","Arduino/Raspberry Pi basics, MQTT, IoT platforms (AWS IoT, Azure IoT)",Fresh graduate / Final year student,"0-20,000 (Unpaid) | 20,000-50,000 (Paid internship)"
Edge Computing Intern,"Edge computing mindset, Learning orientation, Problem-solving, Teamwork","Edge computing concepts, IoT Edge platforms, Lightweight programming",Fresh graduate / Final year student,"0-20,000 (Unpaid) | 20,000-50,000 (Paid internship)"
Firmware Developer Intern,"Firmware development mindset, Learning mindset, Problem-solving, Hardware knowledge","Embedded C basics, Microcontroller concepts, Firmware programming",Fresh graduate / Final year student,"0-22,000 (Unpaid) | 22,000-55,000 (Paid internship)"
Mobile App Testing Intern,"Testing mindset, Problem-solving, Learning orientation, Mobile awareness","Mobile testing tools, Test automation, Mobile testing frameworks",Fresh graduate / Final year student,"0-18,000 (Unpaid) | 18,000-45,000 (Paid internship)"
Cross-Platform Development Intern,"Cross-platform thinking, Learning mindset, Problem-solving, Teamwork","React Native, Flutter basics, Cross-platform frameworks, Mobile UI",Fresh graduate / Final year student,"0-18,000 (Unpaid) | 18,000-45,000 (Paid internship)"
Progressive Web App (PWA) Developer Intern,"Web technology awareness, Learning mindset, Problem-solving, Progressive thinking","HTML5, CSS3, JavaScript, Service Workers, Progressive web principles",Fresh graduate / Final year student,"0-18,000 (Unpaid) | 18,000-45,000 (Paid internship)"
Augmented Reality (AR) Developer Intern,"Emerging tech mindset, Learning orientation, Problem-solving, Innovation thinking","ARKit, ARCore basics, 3D graphics, Spatial computing concepts",Fresh graduate / Final year student,"0-25,000 (Unpaid) | 25,000-65,000 (Paid internship)"
Virtual Reality (VR) Developer Intern,"Emerging tech awareness, Learning mindset, Problem-solving, Immersive thinking","Unity, Unreal Engine basics, 3D graphics, Virtual environments",Fresh graduate / Final year student,"0-25,000 (Unpaid) | 25,000-65,000 (Paid internship)"
Chatbot Development Intern,"Conversational AI thinking, Learning mindset, Problem-solving, Communication","Natural language processing, Chatbot platforms, Conversational AI basics",Fresh graduate / Final year student,"0-20,000 (Unpaid) | 20,000-50,000 (Paid internship)"
RPA Testing Intern,"Process automation thinking, Learning mindset, Problem-solving, Testing awareness","UiPath/Blueprism basics, RPA tools, Automation testing, Process mining",Fresh graduate / Final year student,"0-20,000 (Unpaid) | 20,000-50,000 (Paid internship)"
